{"layers": [{"W_constraint": null, "b_constraint": null, "name": "Convolution2D", "custom_name": "convolution2d", "subsample": [1, 1], "nb_col": 3, "activation": "linear", "trainable": true, "input_shape": [3, 120, 120], "dim_ordering": "th", "cache_enabled": true, "init": "glorot_uniform", "nb_filter": 64, "b_regularizer": null, "W_regularizer": null, "nb_row": 3, "activity_regularizer": null, "border_mode": "same"}, {"cache_enabled": true, "activation": "relu", "trainable": true, "name": "Activation", "custom_name": "activation"}, {"name": "MaxPooling2D", "custom_name": "maxpooling2d", "strides": [2, 2], "trainable": true, "dim_ordering": "th", "pool_size": [2, 2], "cache_enabled": true, "border_mode": "valid"}, {"W_constraint": null, "b_constraint": null, "name": "Convolution2D", "custom_name": "convolution2d", "subsample": [1, 1], "activation": "linear", "trainable": true, "dim_ordering": "th", "nb_col": 3, "cache_enabled": true, "init": "glorot_uniform", "nb_filter": 64, "b_regularizer": null, "W_regularizer": null, "nb_row": 3, "activity_regularizer": null, "border_mode": "valid"}, {"cache_enabled": true, "activation": "relu", "trainable": true, "name": "Activation", "custom_name": "activation"}, {"name": "MaxPooling2D", "custom_name": "maxpooling2d", "strides": [2, 2], "trainable": true, "dim_ordering": "th", "pool_size": [2, 2], "cache_enabled": true, "border_mode": "valid"}, {"W_constraint": null, "b_constraint": null, "name": "Convolution2D", "custom_name": "convolution2d", "subsample": [1, 1], "activation": "linear", "trainable": true, "dim_ordering": "th", "nb_col": 3, "cache_enabled": true, "init": "glorot_uniform", "nb_filter": 64, "b_regularizer": null, "W_regularizer": null, "nb_row": 3, "activity_regularizer": null, "border_mode": "valid"}, {"cache_enabled": true, "activation": "relu", "trainable": true, "name": "Activation", "custom_name": "activation"}, {"W_constraint": null, "b_constraint": null, "name": "Convolution2D", "custom_name": "convolution2d", "subsample": [1, 1], "activation": "linear", "trainable": true, "dim_ordering": "th", "nb_col": 3, "cache_enabled": true, "init": "glorot_uniform", "nb_filter": 64, "b_regularizer": null, "W_regularizer": null, "nb_row": 3, "activity_regularizer": null, "border_mode": "valid"}, {"cache_enabled": true, "activation": "relu", "trainable": true, "name": "Activation", "custom_name": "activation"}, {"name": "MaxPooling2D", "custom_name": "maxpooling2d", "strides": [2, 2], "trainable": true, "dim_ordering": "th", "pool_size": [2, 2], "cache_enabled": true, "border_mode": "valid"}, {"W_constraint": null, "b_constraint": null, "name": "Convolution2D", "custom_name": "convolution2d", "subsample": [1, 1], "activation": "linear", "trainable": true, "dim_ordering": "th", "nb_col": 3, "cache_enabled": true, "init": "glorot_uniform", "nb_filter": 64, "b_regularizer": null, "W_regularizer": null, "nb_row": 3, "activity_regularizer": null, "border_mode": "valid"}, {"cache_enabled": true, "activation": "relu", "trainable": true, "name": "Activation", "custom_name": "activation"}, {"W_constraint": null, "b_constraint": null, "name": "Convolution2D", "custom_name": "convolution2d", "subsample": [1, 1], "activation": "linear", "trainable": true, "dim_ordering": "th", "nb_col": 3, "cache_enabled": true, "init": "glorot_uniform", "nb_filter": 64, "b_regularizer": null, "W_regularizer": null, "nb_row": 3, "activity_regularizer": null, "border_mode": "valid"}, {"cache_enabled": true, "activation": "relu", "trainable": true, "name": "Activation", "custom_name": "activation"}, {"name": "MaxPooling2D", "custom_name": "maxpooling2d", "strides": [2, 2], "trainable": true, "dim_ordering": "th", "pool_size": [2, 2], "cache_enabled": true, "border_mode": "valid"}, {"cache_enabled": true, "trainable": true, "name": "Flatten", "custom_name": "flatten"}, {"W_constraint": null, "b_constraint": null, "name": "Dense", "custom_name": "dense", "activity_regularizer": null, "trainable": true, "cache_enabled": true, "init": "glorot_uniform", "activation": "linear", "input_dim": null, "b_regularizer": null, "W_regularizer": null, "output_dim": 1024}, {"cache_enabled": true, "activation": "relu", "trainable": true, "name": "Activation", "custom_name": "activation"}, {"cache_enabled": true, "trainable": true, "name": "Dropout", "custom_name": "dropout", "p": 0.5}, {"W_constraint": null, "b_constraint": null, "name": "Dense", "custom_name": "dense", "activity_regularizer": null, "trainable": true, "cache_enabled": true, "init": "glorot_uniform", "activation": "linear", "input_dim": null, "b_regularizer": null, "W_regularizer": null, "output_dim": 1024}, {"cache_enabled": true, "activation": "relu", "trainable": true, "name": "Activation", "custom_name": "activation"}, {"cache_enabled": true, "trainable": true, "name": "Dropout", "custom_name": "dropout", "p": 0.5}, {"W_constraint": null, "b_constraint": null, "name": "Dense", "custom_name": "dense", "activity_regularizer": null, "trainable": true, "cache_enabled": true, "init": "glorot_uniform", "activation": "linear", "input_dim": null, "b_regularizer": null, "W_regularizer": null, "output_dim": 2}, {"cache_enabled": true, "activation": "softmax", "trainable": true, "name": "Activation", "custom_name": "activation"}], "loss": "categorical_crossentropy", "optimizer": {"nesterov": true, "lr": 0.009999999776482582, "name": "SGD", "momentum": 0.8999999761581421, "decay": 0.0}, "name": "Sequential", "sample_weight_mode": null}